design;258;1
counter;211;0,81782943
flip_flop;176;0,68217057
logic;175;0,6782946
binary;164;0,6356589
logic_gate;161;0,624031
adder;119;0,46124032
memory;116;0,4496124
code;91;0,35271317
decoder;87;0,3372093
test_bench;80;0,31007752
combinational;78;0,30232558
boolean;78;0,30232558
multiplexer;78;0,30232558
verilog;73;0,28294572
bcd;68;0,2635659
state;67;0,25968993
cmos;65;0,251938
conversion;64;0,24806201
gate;64;0,24806201
encoder;62;0,24031007
vhdl;60;0,23255815
representation;59;0,22868218
converter;59;0,22868218
parallel;58;0,2248062
programmable;57;0,22093023
ttl;57;0,22093023
arithmetic;55;0,21317829
complement;55;0,21317829
simulation;54;0,20930232
logic_circuit;53;0,20542635
synchronous;53;0,20542635
serial;52;0,2015504
numeric_system;50;0,19379845
fsm;50;0,19379845
asynchronous;49;0,18992248
karnaugh_map;47;0,18217054
addition;47;0,18217054
timing;47;0,18217054
decimal;45;0,1744186
table;45;0,1744186
subtraction;44;0,17054264
fpga;43;0,16666667
analog;42;0,1627907
algebra;42;0,1627907
parity;42;0,1627907
module;40;0,15503876
synthesis;40;0,15503876
generator;39;0,15116279
clock;39;0,15116279
latch;38;0,14728682
components;38;0,14728682
voltage;38;0,14728682
comparator;37;0,14341085
shift_register;37;0,14341085
power;37;0,14341085
register;37;0,14341085
characteristic;36;0,13953489
integrated_circuit;36;0,13953489
registers;35;0,13565892
high;35;0,13565892
hdl;35;0,13565892
array;35;0,13565892
decoding;34;0,13178295
statement;34;0,13178295
point;33;0,12790698
active;33;0,12790698
detector;33;0,12790698
microprocessor;32;0,12403101
nand;31;0,12015504
ram;31;0,12015504
carry;30;0,11627907
transfer;30;0,11627907
subtractor;30;0,11627907
control;29;0,1124031
model;29;0,1124031
multiplication;29;0,1124031
floating;29;0,1124031
ic;29;0,1124031
reserved;29;0,1124031
transistor;28;0,10852713
current;28;0,10852713
priority;28;0,10852713
state_machine;28;0,10852713
logic_function;27;0,10465116
read;27;0,10465116
variable;27;0,10465116
octal;26;0,1007752
computer;26;0,1007752
time;26;0,1007752
machine;26;0,1007752
structure;26;0,1007752
theorem;26;0,1007752
amplifier;26;0,1007752
reinforcement;26;0,1007752
verification;26;0,1007752
hexadecimal;25;0,09689923
half;25;0,09689923
multiple;25;0,09689923
based;25;0,09689923
series;25;0,09689923
digital_system;25;0,09689923
assignment;25;0,09689923
signed;24;0,093023255
simplification;24;0,093023255
theorems;24;0,093023255
rom;23;0,089147285
bus;23;0,089147285
microcontroller;23;0,089147285
division;23;0,089147285
statements;23;0,089147285
ripple;21;0,08139535
demultiplexer;21;0,08139535
storage;21;0,08139535
interfacing;21;0,08139535
static;21;0,08139535
magnitude;21;0,08139535
diagram;21;0,08139535
delay;21;0,08139535
coding;21;0,08139535
alu;21;0,08139535
central;21;0,08139535
frequency;20;0,07751938
common;20;0,07751938
©;20;0,07751938
mode;20;0,07751938
minimization;19;0,07364341
models;19;0,07364341
behavior;19;0,07364341
|;19;0,07364341
family;19;0,07364341
multiplier;19;0,07364341
latches;18;0,069767445
processor;18;0,069767445
real;18;0,069767445
terms;18;0,069767445
logic_family;18;0,069767445
dac;18;0,069767445
block;18;0,069767445
docid=;18;0,069767445
inverter;17;0,065891474
random;17;0,065891474
transmission;17;0,065891474
key;17;0,065891474
gray_code;17;0,065891474
buffer;17;0,065891474
numerical;17;0,065891474
constants;17;0,065891474
segment;17;0,065891474
experiment;17;0,065891474
algorithm;17;0,065891474
concurrent;17;0,065891474
sr;17;0,065891474
exclusive;16;0,062015504
programming;16;0,062015504
ecl;16;0,062015504
tri_state;16;0,062015504
rs;16;0,062015504
ring;16;0,062015504
pulse;15;0,058139537
use;15;0,058139537
xor;15;0,058139537
check;15;0,058139537
sum;15;0,058139537
switching;15;0,058139537
modeling;15;0,058139537
digital_circuit;15;0,058139537
electronic;15;0,058139537
hazards;15;0,058139537
base;15;0,058139537
divider;15;0,058139537
truth;14;0,054263566
symbols;14;0,054263566
programmable_logic_device;14;0,054263566
general;14;0,054263566
transition;14;0,054263566
error_detection;14;0,054263566
solutions;14;0,054263566
operators;14;0,054263566
form;14;0,054263566
case;14;0,054263566
controller;14;0,054263566
rtl;14;0,054263566
drill;14;0,054263566
three;14;0,054263566
jk;14;0,054263566
laws;13;0,0503876
shift_registers;13;0,0503876
flash;13;0,0503876
capacity;13;0,0503876
binary_code;13;0,0503876
variables;13;0,0503876
products;13;0,0503876
product;13;0,0503876
propagation;13;0,0503876
set;13;0,0503876
reset;13;0,0503876
unsigned;13;0,0503876
different;13;0,0503876
instructions;13;0,0503876
code_converter;12;0,046511628
semiconductor;12;0,046511628
addressing;12;0,046511628
driver;12;0,046511628
hex;12;0,046511628
open;12;0,046511628
switch;12;0,046511628
bistable;12;0,046511628
diode;12;0,046511628
filter;12;0,046511628
look;11;0,04263566
complex;11;0,04263566
special;11;0,04263566
comparison;11;0,04263566
emitter;11;0,04263566
direct;11;0,04263566
write;11;0,04263566
dram;11;0,04263566
flow;11;0,04263566
edge;11;0,04263566
sums;11;0,04263566
complete;11;0,04263566
triggered;11;0,04263566
versus;11;0,04263566
mod;11;0,04263566
used;11;0,04263566
map;11;0,04263566
hc;11;0,04263566
tristate;11;0,04263566
generation;11;0,04263566
elements;11;0,04263566
moore;11;0,04263566
mealy;11;0,04263566
fixed;10;0,03875969
simple;10;0,03875969
modes;10;0,03875969
processing;10;0,03875969
preface;10;0,03875969
times;10;0,03875969
internal;10;0,03875969
procedure;10;0,03875969
clocked;10;0,03875969
maximum;10;0,03875969
oscillator;10;0,03875969
schottky;10;0,03875969
interface;10;0,03875969
driving;10;0,03875969
program;10;0,03875969
pal;10;0,03875969
testbench;10;0,03875969
negative;10;0,03875969
ci;10;0,03875969
structural;10;0,03875969
state_table;10;0,03875969
display;10;0,03875969
conditional;10;0,03875969
bias;10;0,03875969
global;10;0,03875969
astable;9;0,034883723
roms;9;0,034883723
hardware;9;0,034883723
embedded;9;0,034883723
bipolar;9;0,034883723
performance;9;0,034883723
coupled;9;0,034883723
complementary;9;0,034883723
definitions;9;0,034883723
schmitt;9;0,034883723
multi;9;0,034883723
finding;9;0,034883723
describing;9;0,034883723
cascading;9;0,034883723
ics;9;0,034883723
fan;9;0,034883723
noise;9;0,034883723
ls;9;0,034883723
collector;9;0,034883723
expanding;9;0,034883723
programmed;9;0,034883723
fundamentals;9;0,034883723
reduction;9;0,034883723
third;9;0,034883723
single;9;0,034883723
transistor_logic;9;0,034883723
alternative;9;0,034883723
instruction;9;0,034883723
class;9;0,034883723
square;9;0,034883723
pin;9;0,034883723
dtl;9;0,034883723
gp;9;0,034883723
modelling;9;0,034883723
implementing;8;0,031007752
diagrams;8;0,031007752
cell;8;0,031007752
effect;8;0,031007752
trigger;8;0,031007752
hazard;8;0,031007752
incompletely;8;0,031007752
delays;8;0,031007752
shift;8;0,031007752
excitation;8;0,031007752
johnson;8;0,031007752
mosfet;8;0,031007752
drain;8;0,031007752
testing;8;0,031007752
address;8;0,031007752
don;8;0,031007752
prototyping;8;0,031007752
specified;8;0,031007752
door;8;0,031007752
viii;8;0,031007752
procedural;8;0,031007752
charts;8;0,031007752
equation;8;0,031007752
integrated;8;0,031007752
copied;8;0,031007752
scanned;8;0,031007752
duplicated;8;0,031007752
whole;8;0,031007752
party;8;0,031007752
echapter;8;0,031007752
deemed;8;0,031007752
materially;8;0,031007752
overall;8;0,031007752
experience;8;0,031007752
reserves;8;0,031007752
remove;8;0,031007752
subsequent;8;0,031007752
restrictions;8;0,031007752
require;8;0,031007752
loop;8;0,031007752
arm;8;0,031007752
band;8;0,031007752
amp;8;0,031007752
self-test;8;0,031007752
pseudorandom;8;0,031007752
waveform;7;0,027131783
binary_coded;7;0,027131783
error;7;0,027131783
rules;7;0,027131783
forms;7;0,027131783
sop;7;0,027131783
property;7;0,027131783
basics;7;0,027131783
ix;7;0,027131783
pass;7;0,027131783
dissipation;7;0,027131783
monostable;7;0,027131783
cycle;7;0,027131783
groups;7;0,027131783
setup;7;0,027131783
hold;7;0,027131783
width;7;0,027131783
shot;7;0,027131783
timer;7;0,027131783
mux;7;0,027131783
ladder;7;0,027131783
successive;7;0,027131783
approximation;7;0,027131783
dual;7;0,027131783
field;7;0,027131783
generic;7;0,027131783
canonical;7;0,027131783
conditions;7;0,027131783
law;7;0,027131783
march;7;0,027131783
duality;7;0,027131783
designs;7;0,027131783
features;7;0,027131783
larger;7;0,027131783
loops;7;0,027131783
construction;7;0,027131783
apítulo;7;0,027131783
depending;7;0,027131783
doors;7;0,027131783
compilation;7;0,027131783
network;7;0,027131783
filters;7;0,027131783
languages;7;0,027131783
communication;7;0,027131783
q;7;0,027131783
op;7;0,027131783
introducci´;7;0,027131783
programs;7;0,027131783
recommended;7;0,027131783
readings;7;0,027131783
la;7;0,027131783
converting;7;0,027131783
matrix;7;0,027131783
stm;7;0,027131783
terminals;7;0,027131783
passed;7;0,027131783
continuous;7;0,027131783
frequently;7;0,027131783
asked;7;0,027131783
operating;6;0,023255814
bidirectional;6;0,023255814
notation;6;0,023255814
nmos;6;0,023255814
simplified;6;0,023255814
resistor;6;0,023255814
dc;6;0,023255814
linear;6;0,023255814
el;6;0,023255814
methodology;6;0,023255814
sources;6;0,023255814
resistors;6;0,023255814
mos;6;0,023255814
sign;6;0,023255814
ascii;6;0,023255814
vi;6;0,023255814
vii;6;0,023255814
determination;6;0,023255814
counting;6;0,023255814
alphanumeric;6;0,023255814
correction;6;0,023255814
algebraic;6;0,023255814
designing;6;0,023255814
circuitry;6;0,023255814
behavioral;6;0,023255814
light;6;0,023255814
loads;6;0,023255814
msi;6;0,023255814
displays;6;0,023255814
building;6;0,023255814
filtering;6;0,023255814
pld;6;0,023255814
ii;6;0,023255814
care;6;0,023255814
hdls;6;0,023255814
subtractors;6;0,023255814
ma;6;0,023255814
sentences;6;0,023255814
es;6;0,023255814
encoding;6;0,023255814
iterative;6;0,023255814
structures;6;0,023255814
overview;6;0,023255814
pull;6;0,023255814
differential;6;0,023255814
master;6;0,023255814
slave;6;0,023255814
pla;6;0,023255814
precision;6;0,023255814
redundancy;6;0,023255814
positive;6;0,023255814
relevant;6;0,023255814
modulus;6;0,023255814
sequences;6;0,023255814
minterm;6;0,023255814
maxterm;6;0,023255814
equations;6;0,023255814
realization;6;0,023255814
elimination;6;0,023255814
assignments;6;0,023255814
semiconductors;6;0,023255814
configuration;6;0,023255814
amplifiers;6;0,023255814
oscilloscope;6;0,023255814
state_diagram;6;0,023255814
entity;6;0,023255814
path;6;0,023255814
described;6;0,023255814
designed;6;0,023255814
platforms;6;0,023255814
ecoe;6;0,023255814
editions;6;0,023255814
odeling;6;0,023255814
td;6;0,023255814
tr;6;0,023255814
root;6;0,023255814
quine;5;0,019379845
mccluskey;5;0,019379845
checker;5;0,019379845
optical;5;0,019379845
practical;5;0,019379845
pmos;5;0,019379845
external;5;0,019379845
requirement;5;0,019379845
radix;5;0,019379845
simpliﬁcation;5;0,019379845
numeric;5;0,019379845
range;5;0,019379845
looping;5;0,019379845
eight;5;0,019379845
terminology;5;0,019379845
controlled;5;0,019379845
plds;5;0,019379845
overflow;5;0,019379845
library;5;0,019379845
traffic;5;0,019379845
loading;5;0,019379845
unused;5;0,019379845
speed;5;0,019379845
bicmos;5;0,019379845
ansi;5;0,019379845
led;5;0,019379845
management;5;0,019379845
decomposition;5;0,019379845
accuracy;5;0,019379845
specifications;5;0,019379845
slope;5;0,019379845
game;5;0,019379845
tuesd;5;0,019379845
ay;5;0,019379845
hamming_code;5;0,019379845
constant;5;0,019379845
hardware_description_language;5;0,019379845
checking;5;0,019379845
adding;5;0,019379845
combination;5;0,019379845
equality;5;0,019379845
classification;5;0,019379845
connection;5;0,019379845
weighted;5;0,019379845
postulates;5;0,019379845
preset;5;0,019379845
toggle;5;0,019379845
nonlinearity;5;0,019379845
gain;5;0,019379845
evolution;5;0,019379845
selection;5;0,019379845
pentium;5;0,019379845
iv;5;0,019379845
hot;5;0,019379845
energy;5;0,019379845
load;5;0,019379845
wave;5;0,019379845
distortion;5;0,019379845
fet;5;0,019379845
rt;5;0,019379845
vending;5;0,019379845
protocol;5;0,019379845
one-bit;5;0,019379845
calculates;5;0,019379845
sheikh;5;0,019379845
dlogic;5;0,019379845
andkeypoints;5;0,019379845
loadability;5;0,019379845
feature;5;0,019379845
two-level;5;0,019379845
spurious;5;0,019379845
response;5;0,019379845
primitives;5;0,019379845
computation;5;0,019379845
instrument;4;0,015503876
magnetic;4;0,015503876
hierarchy;4;0,015503876
operational;4;0,015503876
manufacturing;4;0,015503876
diffusion;4;0,015503876
preliminary;4;0,015503876
reversing;4;0,015503876
principle;4;0,015503876
oscillators;4;0,015503876
passive;4;0,015503876
errors;4;0,015503876
implicants;4;0,015503876
byte;4;0,015503876
simplifying;4;0,015503876
setting;4;0,015503876
ff;4;0,015503876
simultaneous;4;0,015503876
detecting;4;0,015503876
left;4;0,015503876
less;4;0,015503876
combined;4;0,015503876
decade;4;0,015503876
presettable;4;0,015503876
packages;4;0,015503876
biasing;4;0,015503876
lcd;4;0,015503876
strategic;4;0,015503876
planning;4;0,015503876
microwave;4;0,015503876
size;4;0,015503876
offset;4;0,015503876
cpu;4;0,015503876
erasable;4;0,015503876
prom;4;0,015503876
select;4;0,015503876
chips;4;0,015503876
gal;4;0,015503876
families;4;0,015503876
selected;4;0,015503876
writing;4;0,015503876
race;4;0,015503876
experiments;4;0,015503876
ra;4;0,015503876
positional;4;0,015503876
arbitrary;4;0,015503876
element;4;0,015503876
multiplying;4;0,015503876
debouncing;4;0,015503876
next;4;0,015503876
synchronizer;4;0,015503876
metastability;4;0,015503876
invert;4;0,015503876
resistive;4;0,015503876
decoupling;4;0,015503876
ten;4;0,015503876
five;4;0,015503876
user;4;0,015503876
Design;4;0,015503876
hexafsm;4;0,015503876
higher;4;0,015503876
density;4;0,015503876
ebcdic;4;0,015503876
repeated;4;0,015503876
guidelines;4;0,015503876
consensus;4;0,015503876
multipliers;4;0,015503876
peripheral;4;0,015503876
self;4;0,015503876
equivalence;4;0,015503876
derivation;4;0,015503876
redundant;4;0,015503876
sm;4;0,015503876
flip_flops;4;0,015503876
execution;4;0,015503876
constructs;4;0,015503876
virtual;4;0,015503876
resistance;4;0,015503876
zener;4;0,015503876
rectifier;4;0,015503876
capacitor;4;0,015503876
amplification;4;0,015503876
ce;4;0,015503876
hybrid;4;0,015503876
channel;4;0,015503876
background;4;0,015503876
organization;4;0,015503876
generate;4;0,015503876
vector;4;0,015503876
string;4;0,015503876
trans;4;0,015503876
aluminum;4;0,015503876
bank;4;0,015503876
entrance;4;0,015503876
gray_code_converter;4;0,015503876
up-counter;4;0,015503876
declaration;4;0,015503876
numeral;4;0,015503876
estimation;4;0,015503876
pspice;4;0,015503876
risk;4;0,015503876
ve;4;0,015503876
phenomena;4;0,015503876
detection;4;0,015503876
hand;4;0,015503876
multiplexed;4;0,015503876
sweep;4;0,015503876
spartan;4;0,015503876
identification;4;0,015503876
mexico;4;0,015503876
condition;4;0,015503876
difference;4;0,015503876
kd;4;0,015503876
ep;4;0,015503876
ga;4;0,015503876
cordic;4;0,015503876
iir;4;0,015503876
introductory;3;0,011627907
complements;3;0,011627907
demorgan;3;0,011627907
shots;3;0,011627907
dependency;3;0,011627907
dsp;3;0,011627907
modulation;3;0,011627907
odd;3;0,011627907
tion;3;0,011627907
doping;3;0,011627907
parasitic;3;0,011627907
ñ;3;0,011627907
styles;3;0,011627907
paths;3;0,011627907
records;3;0,011627907
sram;3;0,011627907
capacitors;3;0,011627907
deﬁnitions;3;0,011627907
deﬁned;3;0,011627907
bibliography;3;0,011627907
event;3;0,011627907
representing;3;0,011627907
together;3;0,011627907
format;3;0,011627907
related;3;0,011627907
potential;3;0,011627907
retriggerable;3;0,011627907
actual;3;0,011627907
crystal;3;0,011627907
schematic;3;0,011627907
<;3;0,011627907
changing;3;0,011627907
multistage;3;0,011627907
altera;3;0,011627907
hct;3;0,011627907
margins;3;0,011627907
sensitivity;3;0,011627907
symbol;3;0,011627907
security;3;0,011627907
projects;3;0,011627907
top;3;0,011627907
hierarchical;3;0,011627907
combining;3;0,011627907
dacs;3;0,011627907
ramp;3;0,011627907
tc;3;0,011627907
delta;3;0,011627907
mask;3;0,011627907
phase;3;0,011627907
change;3;0,011627907
incomplete;3;0,011627907
first;3;0,011627907
tree;3;0,011627907
hardware_description_languages;3;0,011627907
descriptions;3;0,011627907
lamp;3;0,011627907
accumulator;3;0,011627907
legal;3;0,011627907
layout;3;0,011627907
authors;3;0,011627907
boards;3;0,011627907
forward;3;0,011627907
character;3;0,011627907
axioms;3;0,011627907
practices;3;0,011627907
drawing;3;0,011627907
pmcontent;3;0,011627907
history;3;0,011627907
luts;3;0,011627907
custom;3;0,011627907
comparing;3;0,011627907
shifters;3;0,011627907
bar;3;0,011627907
bird;3;0,011627907
tail;3;0,011627907
lights;3;0,011627907
lock;3;0,011627907
ground;3;0,011627907
leds;3;0,011627907
numbering;3;0,011627907
commutation;3;0,011627907
sequential_circuit;3;0,011627907
inversion;3;0,011627907
scale;3;0,011627907
reversible;3;0,011627907
disadvantages;3;0,011627907
literature;3;0,011627907
analogue;3;0,011627907
add;3;0,011627907
salient;3;0,011627907
handling;3;0,011627907
cation;3;0,011627907
tabular;3;0,011627907
inside;3;0,011627907
multivibrators;3;0,011627907
clear;3;0,011627907
risc;3;0,011627907
mc;3;0,011627907
interrupt;3;0,011627907
pic;3;0,011627907
pretend;3;0,011627907
resources;3;0,011627907
expansions;3;0,011627907
minimum;3;0,011627907
essential;3;0,011627907
graphs;3;0,011627907
simulator;3;0,011627907
appendices;3;0,011627907
comments;3;0,011627907
stack;3;0,011627907
objects;3;0,011627907
placement;3;0,011627907
pi;3;0,011627907
drift;3;0,011627907
metal;3;0,011627907
shunt;3;0,011627907
bjt;3;0,011627907
cc;3;0,011627907
port;3;0,011627907
equivalents;3;0,011627907
push;3;0,011627907
jfet;3;0,011627907
source;3;0,011627907
instrumentation;3;0,011627907
cro;3;0,011627907
principles;3;0,011627907
characterization;3;0,011627907
board;3;0,011627907
std;3;0,011627907
multifunction;3;0,011627907
registry;3;0,011627907
files;3;0,011627907
run;3;0,011627907
correct;3;0,011627907
deﬁnition;3;0,011627907
nbit;3;0,011627907
registration;3;0,011627907
Mealy;3;0,011627907
temporal;3;0,011627907
minterms;3;0,011627907
maxterms;3;0,011627907
networks;3;0,011627907
compatible;3;0,011627907
erilog;3;0,011627907
foundations;3;0,011627907
entries;3;0,011627907
logging;3;0,011627907
modular;3;0,011627907
seconds;3;0,011627907
interference;3;0,011627907
inhibition;3;0,011627907
finite;3;0,011627907
specs;3;0,011627907
configurable;3;0,011627907
switched;3;0,011627907
discovery;3;0,011627907
nucleo;3;0,011627907
notes;3;0,011627907
LED;3;0,011627907
stimulus;3;0,011627907
component;3;0,011627907
guapacha;3;0,011627907
jovanny;3;0,011627907
bedoya;3;0,011627907
et;3;0,011627907
ise;3;0,011627907
original;3;0,011627907
equential;3;0,011627907
text;3;0,011627907
tf;3;0,011627907
loadable;3;0,011627907
lp;3;0,011627907
ca;3;0,011627907
fc;3;0,011627907
cl;3;0,011627907
checks;3;0,011627907
fir;3;0,011627907
means;3;0,011627907
median;3;0,011627907
nine;3;0,011627907
receiver;3;0,011627907
quantity;2;0,007751938
measurement;2;0,007751938
selectors;2;0,007751938
os;2;0,007751938
cplds;2;0,007751938
demultiplexing;2;0,007751938
usb;2;0,007751938
chip;2;0,007751938
soc;2;0,007751938
glossary;2;0,007751938
em;2;0,007751938
deposition;2;0,007751938
silicon;2;0,007751938
capabilities;2;0,007751938
incremental;2;0,007751938
te;2;0,007751938
passage;2;0,007751938
investor;2;0,007751938
pseudo;2;0,007751938
lógica;2;0,007751938
step;2;0,007751938
physical;2;0,007751938
le;2;0,007751938
good;2;0,007751938
chain;2;0,007751938
bistability;2;0,007751938
inductors;2;0,007751938
integers;2;0,007751938
barrel;2;0,007751938
shifter;2;0,007751938
systematic;2;0,007751938
six;2;0,007751938
entered;2;0,007751938
technique;2;0,007751938
need;2;0,007751938
duty;2;0,007751938
limitations;2;0,007751938
operator;2;0,007751938
precedence;2;0,007751938
resetting;2;0,007751938
alternate;2;0,007751938
designations;2;0,007751938
clocking;2;0,007751938
flip_flopynchronization;2;0,007751938
microcomputer;2;0,007751938
nonretriggerable;2;0,007751938
shorted;2;0,007751938
skew;2;0,007751938
extension;2;0,007751938
sscomplement;2;0,007751938
greater;2;0,007751938
displaying;2;0,007751938
analyzing;2;0,007751938
idea;2;0,007751938
stepper;2;0,007751938
motor;2;0,007751938
featured;2;0,007751938
starting;2;0,007751938
sourcing;2;0,007751938
sinking;2;0,007751938
ratings;2;0,007751938
fast;2;0,007751938
determining;2;0,007751938
transients;2;0,007751938
mixed;2;0,007751938
probe;2;0,007751938
cathode;2;0,007751938
routing;2;0,007751938
monitoring;2;0,007751938
busing;2;0,007751938
small;2;0,007751938
integration;2;0,007751938
keypad;2;0,007751938
settling;2;0,007751938
automatic;2;0,007751938
amplitude;2;0,007751938
aliasing;2;0,007751938
sigma;2;0,007751938
pipelined;2;0,007751938
typical;2;0,007751938
sample;2;0,007751938
telephone;2;0,007751938
proms;2;0,007751938
eprom;2;0,007751938
electrically;2;0,007751938
eeprom;2;0,007751938
pins;2;0,007751938
circular;2;0,007751938
symbology;2;0,007751938
max;2;0,007751938
logic_operation;2;0,007751938
synthesizable;2;0,007751938
chart;2;0,007751938
edition;2;0,007751938
trademarks;2;0,007751938
distinguish;2;0,007751938
registered;2;0,007751938
following;2;0,007751938
style;2;0,007751938
trademark;2;0,007751938
accurate;2;0,007751938
publication;2;0,007751938
understanding;2;0,007751938
services;2;0,007751938
industrial;2;0,007751938
rama;2;0,007751938
antonio;2;0,007751938
garcía;2;0,007751938
tome;2;0,007751938
cover;2;0,007751938
printing;2;0,007751938
combinationals;2;0,007751938
specific;2;0,007751938
graphical;2;0,007751938
crc;2;0,007751938
checksum_code;2;0,007751938
documentation;2;0,007751938
standards;2;0,007751938
gateymbols;2;0,007751938
bubble;2;0,007751938
tue;2;0,007751938
sday;2;0,007751938
eda;2;0,007751938
tool;2;0,007751938
vectors;2;0,007751938
logic_operators;2;0,007751938
compiler;2;0,007751938
dataflow;2;0,007751938
always;2;0,007751938
end;2;0,007751938
tasks;2;0,007751938
verilogddpp;2;0,007751938
lookahead;2;0,007751938
group;2;0,007751938
shifting;2;0,007751938
asm;2;0,007751938
multibit;2;0,007751938
guessing;2;0,007751938
failure;2;0,007751938
synchronization;2;0,007751938
effects;2;0,007751938
consumption;2;0,007751938
relays;2;0,007751938
fct;2;0,007751938
lvttl;2;0,007751938
tolerant;2;0,007751938
xnor;2;0,007751938
triestado;2;0,007751938
transceivers;2;0,007751938
material;2;0,007751938
built;2;0,007751938
nomenclature;2;0,007751938
voltages;2;0,007751938
margin;2;0,007751938
electricity;2;0,007751938
phenomenon;2;0,007751938
flip_flopynchronous;2;0,007751938
meter;2;0,007751938
conclusions;2;0,007751938
analytical;2;0,007751938
packed;2;0,007751938
cyclic;2;0,007751938
subtract;2;0,007751938
signifi;2;0,007751938
cance;2;0,007751938
simplifi;2;0,007751938
literals;2;0,007751938
contentcontent;2;0,007751938
idempotent;2;0,007751938
commutative;2;0,007751938
associative;2;0,007751938
distributive;2;0,007751938
expanded;2;0,007751938
specifi;2;0,007751938
cations;2;0,007751938
integrator;2;0,007751938
unipolar;2;0,007751938
justified;2;0,007751938
lines;2;0,007751938
tracking;2;0,007751938
icl;2;0,007751938
interconnect;2;0,007751938
indirect;2;0,007751938
cisc;2;0,007751938
pro;2;0,007751938
dma;2;0,007751938
keyboard;2;0,007751938
saving;2;0,007751938
anatomy;2;0,007751938
ports;2;0,007751938
auxiliary;2;0,007751938
factoring;2;0,007751938
uses;2;0,007751938
indicator;2;0,007751938
graph;2;0,007751938
implication;2;0,007751938
reducing;2;0,007751938
tips;2;0,007751938
cd;2;0,007751938
sets;2;0,007751938
optimisation;2;0,007751938
interrupts;2;0,007751938
cons;2;0,007751938
dependence;2;0,007751938
passing;2;0,007751938
arguments;2;0,007751938
local;2;0,007751938
handlers;2;0,007751938
multitasking;2;0,007751938
context;2;0,007751938
compiling;2;0,007751938
organisation;2;0,007751938
firmware;2;0,007751938
calls;2;0,007751938
policies;2;0,007751938
raspberry;2;0,007751938
syntax;2;0,007751938
electron;2;0,007751938
lattice;2;0,007751938
fermi;2;0,007751938
carrier;2;0,007751938
relation;2;0,007751938
fabrication;2;0,007751938
reverse;2;0,007751938
biased;2;0,007751938
depletion;2;0,007751938
capacitance;2;0,007751938
breakdown;2;0,007751938
bridge;2;0,007751938
clipper;2;0,007751938
stability;2;0,007751938
thevenin;2;0,007751938
norton;2;0,007751938
re;2;0,007751938
enhancement;2;0,007751938
improvement;2;0,007751938
nonlinear;2;0,007751938
rate;2;0,007751938
noninverter;2;0,007751938
sine;2;0,007751938
electrostatic;2;0,007751938
triggering;2;0,007751938
modern;2;0,007751938
opcode;2;0,007751938
​​for;2;0,007751938
theoretical;2;0,007751938
proposed;2;0,007751938
eb;2;0,007751938
abstraction;2;0,007751938
abstract;2;0,007751938
cl´;2;0,007751938
ausula;2;0,007751938
sentence;2;0,007751938
parameterization;2;0,007751938
predefined;2;0,007751938
procedures;2;0,007751938
inicializaci´;2;0,007751938
read-only;2;0,007751938
Moore's;2;0,007751938
window;2;0,007751938
steps;2;0,007751938
visualization;2;0,007751938
results;2;0,007751938
entrances;2;0,007751938
Structural;2;0,007751938
integer;2;0,007751938
defined;2;0,007751938
displacer;2;0,007751938
shown;2;0,007751938
divisor;2;0,007751938
average;2;0,007751938
binary_code_converter;2;0,007751938
computational;2;0,007751938
vlsi;2;0,007751938
motivation;2;0,007751938
se;2;0,007751938
numeric_conversion;2;0,007751938
=;2;0,007751938
ecoders;2;0,007751938
measurements;2;0,007751938
functioning;2;0,007751938
en;2;0,007751938
hardw;2;0,007751938
dif;2;0,007751938
ferent;2;0,007751938
bases;2;0,007751938
scomplement;2;0,007751938
associated;2;0,007751938
netw;2;0,007751938
keypoints;2;0,007751938
glitches;2;0,007751938
echniques;2;0,007751938
stairwell;2;0,007751938
majority;2;0,007751938
approach;2;0,007751938
minimizing;2;0,007751938
detailed;2;0,007751938
dealing;2;0,007751938
cares;2;0,007751938
points;2;0,007751938
art;2;0,007751938
rflip_flop;2;0,007751938
iming;2;0,007751938
conﬁgured;2;0,007751938
ie;2;0,007751938
multilevel;2;0,007751938
two-input;2;0,007751938
transient;2;0,007751938
non-priority;2;0,007751938
polarity;2;0,007751938
syntheses;2;0,007751938
detectors;2;0,007751938
bit-parallel;2;0,007751938
second;2;0,007751938
​​and;2;0,007751938
outdated;2;0,007751938
Moore;2;0,007751938
automaton;2;0,007751938
allowed;2;0,007751938
failed;2;0,007751938
video;2;0,007751938
subscriber;2;0,007751938
digital_circuitry;2;0,007751938
Logic;2;0,007751938
kittm;2;0,007751938
curiosity;2;0,007751938
nano;2;0,007751938
uno;2;0,007751938
iot;2;0,007751938
msp;2;0,007751938
representative;2;0,007751938
FPGA;2;0,007751938
Analog;2;0,007751938
Oscilloscope;2;0,007751938
rocker;2;0,007751938
spdt;2;0,007751938
creating;2;0,007751938
initialization;2;0,007751938
discrete;2;0,007751938
méxico;2;0,007751938
synthesize;2;0,007751938
morgan;2;0,007751938
ase;2;0,007751938
speciﬁcations;2;0,007751938
ogic;2;0,007751938
ombinational;2;0,007751938
functionality;2;0,007751938
content;2;0,007751938
instantiation;2;0,007751938
verview;2;0,007751938
inite;2;0,007751938
forever;2;0,007751938
repeat;2;0,007751938
cpld;2;0,007751938
conﬁguration;2;0,007751938
powers;2;0,007751938
operands;2;0,007751938
double;2;0,007751938
loating;2;0,007751938
co;2;0,007751938
non;2;0,007751938
alpha;2;0,007751938
saturated;2;0,007751938
concatenation;2;0,007751938
behavioural;2;0,007751938
initial;2;0,007751938
rc;2;0,007751938
ob;2;0,007751938
dt;2;0,007751938
rf;2;0,007751938
nb;2;0,007751938
smaller;2;0,007751938
tm;2;0,007751938
save;2;0,007751938
nv;2;0,007751938
vedic;2;0,007751938
gd;2;0,007751938
na;2;0,007751938
srt;2;0,007751938
newton;2;0,007751938
raphson;2;0,007751938
reciprocal;2;0,007751938
eo;2;0,007751938
ﬁ;2;0,007751938
ai;2;0,007751938
ea;2;0,007751938
rd;2;0,007751938
scalar;2;0,007751938
sorting;2;0,007751938
fft;2;0,007751938
spi;2;0,007751938
composite;2;0,007751938
axi;2;0,007751938
pr;2;0,007751938
dpr;2;0,007751938
​​rt;2;0,007751938
merger;2;0,007751938
find;2;0,007751938
identifiers;2;0,007751938
assertion;2;0,007751938
body;2;0,007751938
keyword;2;0,007751938
net;2;0,007751938
digits;1;0,003875969
timers;1;0,003875969
cascaded;1;0,003875969
splds;1;0,003875969
macrocell;1;0,003875969
boundary;1;0,003875969
scan;1;0,003875969
cloud;1;0,003875969
media;1;0,003875969
website;1;0,003875969
pearsonglobaleditions;1;0,003875969
floyd;1;0,003875969
numbered;1;0,003875969
editor's;1;0,003875969
message;1;0,003875969
author;1;0,003875969
micromanufacturing;1;0,003875969
lithography;1;0,003875969
photolithographic;1;0,003875969
ascaras;1;0,003875969
oxidation;1;0,003875969
factors;1;0,003875969
ion;1;0,003875969
implantation;1;0,003875969
evaporation;1;0,003875969
puttering;1;0,003875969
chemical;1;0,003875969
vapor;1;0,003875969
ita;1;0,003875969
geometric;1;0,003875969
twin;1;0,003875969
tube;1;0,003875969
insulator;1;0,003875969
inclusion;1;0,003875969
lla;1;0,003875969
árgenes;1;0,003875969
interconnections;1;0,003875969
resistances;1;0,003875969
inductances;1;0,003875969
lumped;1;0,003875969
distributed;1;0,003875969
sem;1;0,003875969
iconductive;1;0,003875969
investment;1;0,003875969
joint;1;0,003875969
overlapping;1;0,003875969
conceptual;1;0,003875969
ám;1;0,003875969
ica;1;0,003875969
cpl;1;0,003875969
freehand;1;0,003875969
weinberger;1;0,003875969
habit;1;0,003875969
dynamics;1;0,003875969
non-immediate;1;0,003875969
calculation;1;0,003875969
safety;1;0,003875969
dimming;1;0,003875969
stages;1;0,003875969
ramification;1;0,003875969
temporary;1;0,003875969
match;1;0,003875969
regeneration;1;0,003875969
regenerative;1;0,003875969
tch;1;0,003875969
istro;1;0,003875969
non-ideal;1;0,003875969
orias;1;0,003875969
column;1;0,003875969
non-b;1;0,003875969
iest;1;0,003875969
elmore;1;0,003875969
feeding;1;0,003875969
spice;1;0,003875969
independent;1;0,003875969
dependent;1;0,003875969
mutual;1;0,003875969
I;1;0,003875969
numeration;1;0,003875969
fractional;1;0,003875969
protect;1;0,003875969
correspondence;1;0,003875969
factorization;1;0,003875969
demonstration;1;0,003875969
identities;1;0,003875969
transcoders;1;0,003875969
reminders;1;0,003875969
ﬁve;1;0,003875969
constitutive;1;0,003875969
minimal;1;0,003875969
highs;1;0,003875969
lows;1;0,003875969
periodic;1;0,003875969
aperiodic;1;0,003875969
period;1;0,003875969
evolving;1;0,003875969
major;1;0,003875969
parts;1;0,003875969
progress;1;0,003875969
today;1;0,003875969
tomorrow;1;0,003875969
usefulness;1;0,003875969
quadrature;1;0,003875969
putting;1;0,003875969
nibble;1;0,003875969
nibbles;1;0,003875969
algebraically;1;0,003875969
containing;1;0,003875969
evaluating;1;0,003875969
multivariable;1;0,003875969
pairs;1;0,003875969
quads;1;0,003875969
octets;1;0,003875969
filling;1;0,003875969
flip_floptate;1;0,003875969
edge=;1;0,003875969
flip=flop;1;0,003875969
transparent;1;0,003875969
fmax;1;0,003875969
constraints;1;0,003875969
issues;1;0,003875969
entry;1;0,003875969
dlatch;1;0,003875969
negation;1;0,003875969
circles;1;0,003875969
equals;1;0,003875969
k=;1;0,003875969
presetting;1;0,003875969
arrangement;1;0,003875969
dff;1;0,003875969
€;1;0,003875969
choosing;1;0,003875969
megafunction;1;0,003875969
immunity;1;0,003875969
invalid;1;0,003875969
operation==high;1;0,003875969
current=;1;0,003875969
totem;1;0,003875969
pole;1;0,003875969
temperature;1;0,003875969
unconnected;1;0,003875969
tied;1;0,003875969
pp;1;0,003875969
increases;1;0,003875969
teee;1;0,003875969
bilateral;1;0,003875969
pulser;1;0,003875969
testa;1;0,003875969
nodes;1;0,003875969
sneed;1;0,003875969
anode;1;0,003875969
liquid;1;0,003875969
lcds;1;0,003875969
quad;1;0,003875969
sequencing;1;0,003875969
distributors;1;0,003875969
bottom;1;0,003875969
graphically;1;0,003875969
oven;1;0,003875969
weights;1;0,003875969
percentage;1;0,003875969
mean;1;0,003875969
monotonicity;1;0,003875969
reconstruction;1;0,003875969
reconstructing;1;0,003875969
digitized;1;0,003875969
integrating;1;0,003875969
camera;1;0,003875969
cellular;1;0,003875969
oe;1;0,003875969
memoryic;1;0,003875969
portability;1;0,003875969
bootstrap;1;0,003875969
refreshing;1;0,003875969
fpm;1;0,003875969
edo;1;0,003875969
drama;1;0,003875969
sdram;1;0,003875969
ddrsdram;1;0,003875969
pram;1;0,003875969
ferroelectric;1;0,003875969
fram;1;0,003875969
cache;1;0,003875969
fifo;1;0,003875969
fpla;1;0,003875969
generations;1;0,003875969
hcplds;1;0,003875969
axiomatic;1;0,003875969
algorithmic;1;0,003875969
asms;1;0,003875969
asmd;1;0,003875969
waste;1;0,003875969
systemverilog;1;0,003875969
handball;1;0,003875969
rapid;1;0,003875969
graphic;1;0,003875969
rectangular;1;0,003875969
shape;1;0,003875969
qualifying;1;0,003875969
Antonio;1;0,003875969
Oliver;1;0,003875969
Innocent;1;0,003875969
Sánchez;1;0,003875969
Ciudad;1;0,003875969
Blanca;1;0,003875969
Quintana;1;0,003875969
Galera;1;0,003875969
companies;1;0,003875969
etc.;1;0,003875969
usually;1;0,003875969
trademarks,;1;0,003875969
Rama;1;0,003875969
tried;1;0,003875969
throughout;1;0,003875969
descriptive;1;0,003875969
manufacturer;1;0,003875969
intention;1;0,003875969
infringe;1;0,003875969
benefit;1;0,003875969
owner;1;0,003875969
same,;1;0,003875969
screens;1;0,003875969
fictitious;1;0,003875969
unless;1;0,003875969
otherwise;1;0,003875969
Every;1;0,003875969
effort;1;0,003875969
offer;1;0,003875969
reader;1;0,003875969
information,;1;0,003875969
however,;1;0,003875969
publisher;1;0,003875969
assumes;1;0,003875969
liability;1;0,003875969
arising;1;0,003875969
violation;1;0,003875969
patents;1;0,003875969
parties;1;0,003875969
occur,;1;0,003875969
intended;1;0,003875969
provide;1;0,003875969
subject;1;0,003875969
matter,;1;0,003875969
sale;1;0,003875969
imply;1;0,003875969
assistance;1;0,003875969
publisher.;1;0,003875969
type,;1;0,003875969
expert;1;0,003875969
help;1;0,003875969
required,;1;0,003875969
sought.;1;0,003875969
competent;1;0,003875969
professional;1;0,003875969
provisions;1;0,003875969
penal;1;0,003875969
code,;1;0,003875969
can;1;0,003875969
reproduced;1;0,003875969
recorded;1;0,003875969
system.;1;0,003875969
transmitted;1;0,003875969
procedure,;1;0,003875969
whether;1;0,003875969
mechanical;1;0,003875969
reprographic;1;0,003875969
prior;1;0,003875969
written;1;0,003875969
authorization;1;0,003875969
protected;1;0,003875969
establishes;1;0,003875969
prison;1;0,003875969
fines;1;0,003875969
intentionally;1;0,003875969
reproduce;1;0,003875969
plagiarize;1;0,003875969
artistic;1;0,003875969
scientific;1;0,003875969
literary;1;0,003875969
edited;1;0,003875969
Jarama;1;0,003875969
street;1;0,003875969
Igarsa;1;0,003875969
estate;1;0,003875969
jarama;1;0,003875969
madrid;1;0,003875969
paracoellos;1;0,003875969
phone;1;0,003875969
fax;1;0,003875969
email;1;0,003875969
internet;1;0,003875969
isbn;1;0,003875969
deposit;1;0,003875969
safekat;1;0,003875969
filming;1;0,003875969
Spain;1;0,003875969
October;1;0,003875969
prohibit;1;0,003875969
photocopy;1;0,003875969
bookindex;1;0,003875969
viicontent;1;0,003875969
name;1;0,003875969
going;1;0,003875969
addi;1;0,003875969
view;1;0,003875969
numberddpp;1;0,003875969
pmviii;1;0,003875969
cubes;1;0,003875969
distance;1;0,003875969
correcting;1;0,003875969
mu;1;0,003875969
ltiple;1;0,003875969
dimensional;1;0,003875969
transmitting;1;0,003875969
storing;1;0,003875969
repres;1;0,003875969
entations;1;0,003875969
rcuit;1;0,003875969
manipulations;1;0,003875969
names;1;0,003875969
naming;1;0,003875969
toolsddpp;1;0,003875969
suites;1;0,003875969
nets;1;0,003875969
va;1;0,003875969
riables;1;0,003875969
directives;1;0,003875969
inferred;1;0,003875969
begin;1;0,003875969
dimension;1;0,003875969
lookup;1;0,003875969
selecting;1;0,003875969
mathy;1;0,003875969
pmx;1;0,003875969
subtracting;1;0,003875969
prefix;1;0,003875969
rotating;1;0,003875969
rel;1;0,003875969
dividing;1;0,003875969
flip_flopddpp;1;0,003875969
beyond;1;0,003875969
state_diagrams;1;0,003875969
instance;1;0,003875969
miscellaneous;1;0,003875969
holder;1;0,003875969
pmxii;1;0,003875969
shift_registerstructure;1;0,003875969
lfsr;1;0,003875969
extraction;1;0,003875969
instrumenting;1;0,003875969
reinventing;1;0,003875969
encodings;1;0,003875969
decomposing;1;0,003875969
trilogy;1;0,003875969
difficulties;1;0,003875969
gating;1;0,003875969
inputddpp;1;0,003875969
reliable;1;0,003875969
better;1;0,003875969
synchronizers;1;0,003875969
nonlogic_gate;1;0,003875969
nonideal;1;0,003875969
fanout;1;0,003875969
destroy;1;0,003875969
spikes;1;0,003875969
inductive;1;0,003875969
bounce;1;0,003875969
multisource;1;0,003875969
wired;1;0,003875969
lvcmos;1;0,003875969
signaling;1;0,003875969
ddpp;1;0,003875969
pm;1;0,003875969
changes;1;0,003875969
karnaug;1;0,003875969
indifference;1;0,003875969
preliminaries;1;0,003875969
reference;1;0,003875969
karnaugh;1;0,003875969
multi-bit;1;0,003875969
feedforward;1;0,003875969
handle;1;0,003875969
substrate;1;0,003875969
way;1;0,003875969
encapsulated;1;0,003875969
currents;1;0,003875969
dissipated;1;0,003875969
edge-triggered;1;0,003875969
circuitynthesis;1;0,003875969
anti-blocking;1;0,003875969
protection;1;0,003875969
shift_register-based;1;0,003875969
Exercise;1;0,003875969
vs.;1;0,003875969
ASIC;1;0,003875969
front;1;0,003875969
memoirs;1;0,003875969
non-volatile;1;0,003875969
nvram;1;0,003875969
pool;1;0,003875969
fifos;1;0,003875969
lifos;1;0,003875969
nyquist;1;0,003875969
inverted;1;0,003875969
ıį;1;0,003875969
formats;1;0,003875969
unpacked;1;0,003875969
ary;1;0,003875969
unicode;1;0,003875969
repetition;1;0,003875969
inhibit;1;0,003875969
collectlogic_gate;1;0,003875969
fairchild;1;0,003875969
sub;1;0,003875969
injection;1;0,003875969
classifi;1;0,003875969
identity;1;0,003875969
complementation;1;0,003875969
absorption;1;0,003875969
transposition;1;0,003875969
involution;1;0,003875969
∑;1;0,003875969
∏;1;0,003875969
siso;1;0,003875969
sipo;1;0,003875969
piso;1;0,003875969
pipo;1;0,003875969
convertor;1;0,003875969
monotonocity;1;0,003875969
companding;1;0,003875969
steering;1;0,003875969
digitally;1;0,003875969
drifts;1;0,003875969
sampling;1;0,003875969
quantization;1;0,003875969
aperture;1;0,003875969
command;1;0,003875969
registerstatus;1;0,003875969
fuse;1;0,003875969
antifuse;1;0,003875969
abel;1;0,003875969
vhsic;1;0,003875969
java;1;0,003875969
branch;1;0,003875969
absolute;1;0,003875969
immediate;1;0,003875969
indexed;1;0,003875969
implicit;1;0,003875969
relative;1;0,003875969
criteria;1;0,003875969
motorola;1;0,003875969
powerpc;1;0,003875969
pentiums;1;0,003875969
extreme;1;0,003875969
celeron;1;0,003875969
xeon;1;0,003875969
ppi;1;0,003875969
pci;1;0,003875969
math;1;0,003875969
coprocessor;1;0,003875969
crt;1;0,003875969
floppy;1;0,003875969
disk;1;0,003875969
transceiver;1;0,003875969
mapping;1;0,003875969
space;1;0,003875969
electromechanical;1;0,003875969
keyboards;1;0,003875969
primary;1;0,003875969
locations;1;0,003875969
secondary;1;0,003875969
magneto;1;0,003875969
drive;1;0,003875969
complementing;1;0,003875969
continued;1;0,003875969
proving;1;0,003875969
validity;1;0,003875969
english;1;0,003875969
subtracters;1;0,003875969
implicant;1;0,003875969
petrick;1;0,003875969
limited;1;0,003875969
gated;1;0,003875969
transfers;1;0,003875969
tracing;1;0,003875969
interpretation;1;0,003875969
plas;1;0,003875969
aided;1;0,003875969
dice;1;0,003875969
concluding;1;0,003875969
remarks;1;0,003875969
proofs;1;0,003875969
realisation;1;0,003875969
manipulation;1;0,003875969
layer;1;0,003875969
completeness;1;0,003875969
realising;1;0,003875969
elementary;1;0,003875969
fetch;1;0,003875969
assembly;1;0,003875969
labels;1;0,003875969
equ;1;0,003875969
calculations;1;0,003875969
timed;1;0,003875969
stacks;1;0,003875969
linked;1;0,003875969
lists;1;0,003875969
allocation;1;0,003875969
relocatable;1;0,003875969
subroutines;1;0,003875969
return;1;0,003875969
returning;1;0,003875969
routines;1;0,003875969
installing;1;0,003875969
strokes;1;0,003875969
multithreading;1;0,003875969
grammars;1;0,003875969
parsing;1;0,003875969
scheme;1;0,003875969
exception;1;0,003875969
boot;1;0,003875969
loader;1;0,003875969
uniﬁed;1;0,003875969
extensible;1;0,003875969
replacement;1;0,003875969
translation;1;0,003875969
aside;1;0,003875969
segments;1;0,003875969
caches;1;0,003875969
core;1;0,003875969
proﬁles;1;0,003875969
vmmu;1;0,003875969
ﬂags;1;0,003875969
calling;1;0,003875969
convention;1;0,003875969
extended;1;0,003875969
origin;1;0,003875969
revisiting;1;0,003875969
trends;1;0,003875969
widespread;1;0,003875969
electrons;1;0,003875969
electric;1;0,003875969
velocity;1;0,003875969
mobility;1;0,003875969
conductivity;1;0,003875969
emission;1;0,003875969
crystalline;1;0,003875969
solids;1;0,003875969
basis;1;0,003875969
bravais;1;0,003875969
miller;1;0,003875969
indices;1;0,003875969
hole;1;0,003875969
intrinsic;1;0,003875969
extrinsic;1;0,003875969
compound;1;0,003875969
gap;1;0,003875969
effective;1;0,003875969
mass;1;0,003875969
equilibrium;1;0,003875969
concentrations;1;0,003875969
carriers;1;0,003875969
einstein;1;0,003875969
continuity;1;0,003875969
hall;1;0,003875969
resistivity;1;0,003875969
barrier;1;0,003875969
formation;1;0,003875969
unbiased;1;0,003875969
cut;1;0,003875969
capacitances;1;0,003875969
avalanche;1;0,003875969
regulator;1;0,003875969
emitting;1;0,003875969
istudyvii;1;0,003875969
photodiode;1;0,003875969
solar;1;0,003875969
contacts;1;0,003875969
piecewise;1;0,003875969
rectifiers;1;0,003875969
inductor;1;0,003875969
clippers;1;0,003875969
clamper;1;0,003875969
early;1;0,003875969
cb;1;0,003875969
useful;1;0,003875969
superposition;1;0,003875969
significance;1;0,003875969
decibel;1;0,003875969
istudyix;1;0,003875969
distortions;1;0,003875969
harmonic;1;0,003875969
intermodulation;1;0,003875969
transformer;1;0,003875969
crossover;1;0,003875969
symmetry;1;0,003875969
istudyx;1;0,003875969
fat;1;0,003875969
cs;1;0,003875969
cg;1;0,003875969
impedance;1;0,003875969
bandwidth;1;0,003875969
oscillation;1;0,003875969
resonant;1;0,003875969
hitstts;1;0,003875969
hartley;1;0,003875969
wien;1;0,003875969
rejection;1;0,003875969
ratio;1;0,003875969
diff;1;0,003875969
slew;1;0,003875969
follower;1;0,003875969
stop;1;0,003875969
differentiator;1;0,003875969
logarithmic;1;0,003875969
triangular;1;0,003875969
studyxii;1;0,003875969
regulated;1;0,003875969
ray;1;0,003875969
focusing;1;0,003875969
deflection;1;0,003875969
analytic;1;0,003875969
pros;1;0,003875969
studyxiii;1;0,003875969
Morgan's;1;0,003875969
Theorems;1;0,003875969
unique;1;0,003875969
bubbled;1;0,003875969
studyxiv;1;0,003875969
racing;1;0,003875969
istudyxv;1;0,003875969
weight;1;0,003875969
historical;1;0,003875969
istudyxvi;1;0,003875969
subroutine;1;0,003875969
ide;1;0,003875969
widely;1;0,003875969
marginal;1;0,003875969
signaltrength;1;0,003875969
illustrate;1;0,003875969
explanations;1;0,003875969
well;1;0,003875969
banks;1;0,003875969
available;1;0,003875969
url;1;0,003875969
https;1;0,003875969
uned;1;0,003875969
fe;1;0,003875969
conﬁguraci´;1;0,003875969
bucle;1;0,003875969
regular;1;0,003875969
parametrizaci´;1;0,003875969
logicvector;1;0,003875969
user-defined;1;0,003875969
librarian;1;0,003875969
assert;1;0,003875969
applets;1;0,003875969
differences;1;0,003875969
order;1;0,003875969
transaction;1;0,003875969
queue;1;0,003875969
inertial;1;0,003875969
ﬁle;1;0,003875969
flip;1;0,003875969
ﬂop;1;0,003875969
safe;1;0,003875969
operaci´;1;0,003875969
b´;1;0,003875969
asica;1;0,003875969
fsmd;1;0,003875969
handshaking;1;0,003875969
An;1;0,003875969
modelsim;1;0,003875969
instalaci´;1;0,003875969
editing;1;0,003875969
main;1;0,003875969
simulation,;1;0,003875969
debugging;1;0,003875969
Activation;1;0,003875969
insertion;1;0,003875969
breakpoints;1;0,003875969
ethical;1;0,003875969
´alphab;1;0,003875969
index´;1;0,003875969
entitydel;1;0,003875969
Parity;1;0,003875969
buﬀer;1;0,003875969
company;1;0,003875969
car;1;0,003875969
incorrect;1;0,003875969
produces;1;0,003875969
circuithown;1;0,003875969
activated;1;0,003875969
bitwise;1;0,003875969
conv;1;0,003875969
converts;1;0,003875969
stdlogic;1;0,003875969
returns;1;0,003875969
ordered;1;0,003875969
implements;1;0,003875969
ifycase;1;0,003875969
descripci´;1;0,003875969
err´;1;0,003875969
onea;1;0,003875969
Exclusive;1;0,003875969
lie;1;0,003875969
delayed;1;0,003875969
declared;1;0,003875969
testbed;1;0,003875969
den;1;0,003875969
whose;1;0,003875969
blockwith;1;0,003875969
asignaci´;1;0,003875969
concurrente;1;0,003875969
selecci´;1;0,003875969
circuittructure;1;0,003875969
wrong;1;0,003875969
serial-to-parallel;1;0,003875969
parallel-to-serial;1;0,003875969
recording;1;0,003875969
record;1;0,003875969
Non-exhaustive;1;0,003875969
Fig.;1;0,003875969
days;1;0,003875969
secure;1;0,003875969
setyclear;1;0,003875969
encode;1;0,003875969
consecutive;1;0,003875969
two-traffic-light;1;0,003875969
Vending;1;0,003875969
greatest;1;0,003875969
circuito;1;0,003875969
que;1;0,003875969
calcula;1;0,003875969
exponenciaci´;1;0,003875969
dedos;1;0,003875969
n´;1;0,003875969
umeros;1;0,003875969
binarioss;1;0,003875969
signo;1;0,003875969
exponentiation;1;0,003875969
fabrics;1;0,003875969
wireless;1;0,003875969
microsensor;1;0,003875969
stored;1;0,003875969
ba;1;0,003875969
generalized;1;0,003875969
subtracti;1;0,003875969
num;1;0,003875969
erical;1;0,003875969
classifications;1;0,003875969
pure;1;0,003875969
bi;1;0,003875969
quinary;1;0,003875969
coded;1;0,003875969
zeros;1;0,003875969
th;1;0,003875969
exor;1;0,003875969
exnor;1;0,003875969
combinations;1;0,003875969
classificati;1;0,003875969
drl;1;0,003875969
desig;1;0,003875969
valued;1;0,003875969
basi;1;0,003875969
imple;1;0,003875969
mentation;1;0,003875969
karnaugh_mapping;1;0,003875969
variabl;1;0,003875969
studies;1;0,003875969
quarter;1;0,003875969
ha;1;0,003875969
fa;1;0,003875969
nands;1;0,003875969
multiplex;1;0,003875969
implementa;1;0,003875969
exercices;1;0,003875969
syste;1;0,003875969
circuitignificant;1;0,003875969
laboratories;1;0,003875969
measuring;1;0,003875969
ables;1;0,003875969
breviations;1;0,003875969
object;1;0,003875969
platform;1;0,003875969
datapath;1;0,003875969
back;1;0,003875969
lectures;1;0,003875969
levelofdigital;1;0,003875969
dodigital;1;0,003875969
designers;1;0,003875969
unary;1;0,003875969
place;1;0,003875969
alue;1;0,003875969
another;1;0,003875969
negativenumber;1;0,003875969
inbinary;1;0,003875969
strings;1;0,003875969
thebiquinary;1;0,003875969
thegray_code;1;0,003875969
onnumeric_system;1;0,003875969
moti;1;0,003875969
vation;1;0,003875969
huntington;1;0,003875969
ofboolean;1;0,003875969
thelawofinvolution;1;0,003875969
complementarity;1;0,003875969
commutati;1;0,003875969
velaws;1;0,003875969
veils;1;0,003875969
distrib;1;0,003875969
utivelaws;1;0,003875969
demor;1;0,003875969
gan;1;0,003875969
slaws;1;0,003875969
kno;1;0,003875969
orks;1;0,003875969
andnot;1;0,003875969
involving;1;0,003875969
cats;1;0,003875969
ofcompleteness;1;0,003875969
ork;1;0,003875969
notion;1;0,003875969
oftiming;1;0,003875969
inacircuit;1;0,003875969
ofpropagation;1;0,003875969
ofagated;1;0,003875969
bad;1;0,003875969
ef;1;0,003875969
fects;1;0,003875969
unequal;1;0,003875969
ath;1;0,003875969
gment;1;0,003875969
pour;1;0,003875969
eventdetector;1;0,003875969
aredescription;1;0,003875969
summarization;1;0,003875969
intuitive;1;0,003875969
formal;1;0,003875969
illustration;1;0,003875969
involves;1;0,003875969
taxonomy;1;0,003875969
ofsequential;1;0,003875969
themealy;1;0,003875969
themoore;1;0,003875969
classiﬁcation;1;0,003875969
tflip_flop;1;0,003875969
dflip_flop;1;0,003875969
verters;1;0,003875969
verter;1;0,003875969
rlatch;1;0,003875969
edflip_flop;1;0,003875969
eds;1;0,003875969
edj;1;0,003875969
kflip_flop;1;0,003875969
around;1;0,003875969
narrowing;1;0,003875969
separating;1;0,003875969
ﬂip;1;0,003875969
ﬂops;1;0,003875969
obtaining;1;0,003875969
optimal;1;0,003875969
steady;1;0,003875969
BCD;1;0,003875969
semi-adding;1;0,003875969
Full;1;0,003875969
via;1;0,003875969
six-level;1;0,003875969
four-level;1;0,003875969
three-input;1;0,003875969
three-level;1;0,003875969
Module;1;0,003875969
Counter;1;0,003875969
modulo;1;0,003875969
tens;1;0,003875969
decoded;1;0,003875969
layouts;1;0,003875969
automata;1;0,003875969
illegal;1;0,003875969
bounces;1;0,003875969
parking;1;0,003875969
absence;1;0,003875969
Using;1;0,003875969
two-fold;1;0,003875969
Part;1;0,003875969
commonly;1;0,003875969
miniterm;1;0,003875969
addresses;1;0,003875969
prioritized;1;0,003875969
interruptions;1;0,003875969
Transmission;1;0,003875969
vertical;1;0,003875969
horizontal;1;0,003875969
two-dimensional;1;0,003875969
Other;1;0,003875969
Arithmetic;1;0,003875969
selector;1;0,003875969
generalization;1;0,003875969
automated;1;0,003875969
synthesizer;1;0,003875969
pointer;1;0,003875969
registering;1;0,003875969
cx;1;0,003875969
role;1;0,003875969
speech;1;0,003875969
voice;1;0,003875969
revolution;1;0,003875969
fiber;1;0,003875969
optics;1;0,003875969
shifts;1;0,003875969
rotations;1;0,003875969
displacement;1;0,003875969
assembler;1;0,003875969
defects;1;0,003875969
white;1;0,003875969
implemented;1;0,003875969
pcm;1;0,003875969
tdm;1;0,003875969
rtc;1;0,003875969
paradigm;1;0,003875969
communications;1;0,003875969
strategies;1;0,003875969
Standard;1;0,003875969
Fixed;1;0,003875969
Function;1;0,003875969
Its;1;0,003875969
Limitations;1;0,003875969
scope;1;0,003875969
semi-custom;1;0,003875969
normalized;1;0,003875969
compiled;1;0,003875969
macromodule;1;0,003875969
ip;1;0,003875969
intellectual;1;0,003875969
cores;1;0,003875969
preconnected;1;0,003875969
microchip;1;0,003875969
pickit;1;0,003875969
starter;1;0,003875969
count;1;0,003875969
hpc;1;0,003875969
purpose;1;0,003875969
mplab;1;0,003875969
ecosystem;1;0,003875969
diecimila;1;0,003875969
duemilanove;1;0,003875969
versions;1;0,003875969
shields;1;0,003875969
mega;1;0,003875969
jump;1;0,003875969
texas;1;0,003875969
ex;1;0,003875969
launchpad;1;0,003875969
dimm;1;0,003875969
experimenter;1;0,003875969
stmicroelectronics;1;0,003875969
blue;1;0,003875969
pill;1;0,003875969
vldiscovery;1;0,003875969
kit;1;0,003875969
Future;1;0,003875969
prospects;1;0,003875969
arquitecturas;1;0,003875969
multinivel;1;0,003875969
challenge;1;0,003875969
synchronism;1;0,003875969
circuitimulation;1;0,003875969
artix;1;0,003875969
cyclone;1;0,003875969
appendages;1;0,003875969
teaching;1;0,003875969
multimeter;1;0,003875969
Hameg;1;0,003875969
Instruments;1;0,003875969
HM;1;0,003875969
multicomp;1;0,003875969
mp;1;0,003875969
probes;1;0,003875969
Digilent;1;0,003875969
Discovery;1;0,003875969
USB;1;0,003875969
tester;1;0,003875969
setups;1;0,003875969
mistakes;1;0,003875969
risks;1;0,003875969
severity;1;0,003875969
electrocution;1;0,003875969
optoelectronic;1;0,003875969
Identification;1;0,003875969
terminales;1;0,003875969
un;1;0,003875969
potenciómetro;1;0,003875969
rotatorio;1;0,003875969
electrolytic;1;0,003875969
lever;1;0,003875969
slide;1;0,003875969
actuator;1;0,003875969
​​of;1;0,003875969
color;1;0,003875969
quick;1;0,003875969
profile;1;0,003875969
editor;1;0,003875969
linking;1;0,003875969
tension;1;0,003875969
stimuli;1;0,003875969
Integrated;1;0,003875969
monographs;1;0,003875969
articles;1;0,003875969
manufacturers;1;0,003875969
technical;1;0,003875969
registros;1;0,003875969
Configurable;1;0,003875969
Digital;1;0,003875969
CPLD;1;0,003875969
Circuits;1;0,003875969
luminescent;1;0,003875969
quadruple;1;0,003875969
half-bridge;1;0,003875969
web;1;0,003875969
links;1;0,003875969
interest;1;0,003875969
supplementary;1;0,003875969
explanatory;1;0,003875969
note;1;0,003875969
professor;1;0,003875969
mathematical;1;0,003875969
organizing;1;0,003875969
contentix;1;0,003875969
morgan's;1;0,003875969
coder;1;0,003875969
ifferences;1;0,003875969
dvantages;1;0,003875969
ositional;1;0,003875969
inary;1;0,003875969
carries;1;0,003875969
borrows;1;0,003875969
nsigned;1;0,003875969
asic;1;0,003875969
supplies;1;0,003875969
ata;1;0,003875969
istory;1;0,003875969
xii;1;0,003875969
oxide;1;0,003875969
riving;1;0,003875969
oolean;1;0,003875969
bstraction;1;0,003875969
lower;1;0,003875969
ncoders;1;0,003875969
ultiplexers;1;0,003875969
emultiplexer;1;0,003875969
cross;1;0,003875969
pair;1;0,003875969
ommon;1;0,003875969
flop;1;0,003875969
ounters;1;0,003875969
xiv;1;0,003875969
rocedural;1;0,003875969
onditional;1;0,003875969
casez;1;0,003875969
casex;1;0,003875969
disable;1;0,003875969
transcript;1;0,003875969
result;1;0,003875969
pips;1;0,003875969
esign;1;0,003875969
enables;1;0,003875969
emory;1;0,003875969
volatile;1;0,003875969
nonvolatile;1;0,003875969
onvolatile;1;0,003875969
olatile;1;0,003875969
rogrammable;1;0,003875969
hard;1;0,003875969
hal;1;0,003875969
ield;1;0,003875969
conﬁgurable;1;0,003875969
ddition;1;0,003875969
iobs;1;0,003875969
ubtraction;1;0,003875969
ultiplication;1;0,003875969
multiply;1;0,003875969
ivision;1;0,003875969
divide;1;0,003875969
mapped;1;0,003875969
omputer;1;0,003875969
rchitecture;1;0,003875969
von;1;0,003875969
neumann;1;0,003875969
harvard;1;0,003875969
xvi;1;0,003875969
contentcontent;1;0,003875969
rounding;1;0,003875969
appe;1;0,003875969
ndix;1;0,003875969
ncept;1;0,003875969
vice;1;0,003875969
versa;1;0,003875969
contentviii;1;0,003875969
gray;1;0,003875969
disadvantage;1;0,003875969
dot;1;0,003875969
iil;1;0,003875969
htl;1;0,003875969
ssi;1;0,003875969
ms;1;0,003875969
lsi;1;0,003875969
length;1;0,003875969
fn;1;0,003875969
dp;1;0,003875969
dn;1;0,003875969
sd;1;0,003875969
ge;1;0,003875969
replication;1;0,003875969
ss;1;0,003875969
gc;1;0,003875969
gt;1;0,003875969
eh;1;0,003875969
reading;1;0,003875969
kf;1;0,003875969
df;1;0,003875969
edf;1;0,003875969
lout;1;0,003875969
dr;1;0,003875969
bigger;1;0,003875969
fm;1;0,003875969
row;1;0,003875969
nc;1;0,003875969
partition;1;0,003875969
cla;1;0,003875969
preﬁx;1;0,003875969
manchester;1;0,003875969
mcc;1;0,003875969
skip;1;0,003875969
increment;1;0,003875969
ling;1;0,003875969
operand;1;0,003875969
booth;1;0,003875969
sa;1;0,003875969
recoding;1;0,003875969
wallace;1;0,003875969
dedda;1;0,003875969
dedicated;1;0,003875969
sb;1;0,003875969
slow;1;0,003875969
algorithms;1;0,003875969
ta;1;0,003875969
iteration;1;0,003875969
bakhshali;1;0,003875969
ov;1;0,003875969
ei;1;0,003875969
taylor;1;0,003875969
evaluation;1;0,003875969
bipartite;1;0,003875969
gm;1;0,003875969
cosine;1;0,003875969
hyperbolic;1;0,003875969
leading;1;0,003875969
zero;1;0,003875969
fw;1;0,003875969
jitter;1;0,003875969
launching;1;0,003875969
capturing;1;0,003875969
ks;1;0,003875969
uncertainty;1;0,003875969
dm;1;0,003875969
pt;1;0,003875969
required;1;0,003875969
arrival;1;0,003875969
multicycle;1;0,003875969
recovery;1;0,003875969
removal;1;0,003875969
leakage;1;0,003875969
cp;1;0,003875969
driven;1;0,003875969
scaling;1;0,003875969
complexity;1;0,003875969
lo;1;0,003875969
ordering;1;0,003875969
glitch;1;0,003875969
activity;1;0,003875969
topology;1;0,003875969
unrolling;1;0,003875969
substitution;1;0,003875969
resource;1;0,003875969
sharing;1;0,003875969
transposed;1;0,003875969
pipeline;1;0,003875969
systolic;1;0,003875969
image;1;0,003875969
noising;1;0,003875969
uart;1;0,003875969
lv;1;0,003875969
nd;1;0,003875969
queues;1;0,003875969
po;1;0,003875969
casting;1;0,003875969
ps;1;0,003875969
fs;1;0,003875969
prototype;1;0,003875969
reconﬁgurable;1;0,003875969
alive;1;0,003875969
discription;1;0,003875969
repression;1;0,003875969
contentxii;1;0,003875969
checksum;1;0,003875969
inimization;1;0,003875969
completely;1;0,003875969
qm;1;0,003875969
combinati;1;0,003875969
onal;1;0,003875969
ircuits;1;0,003875969
formulation;1;0,003875969
swith;1;0,003875969
facility;1;0,003875969
syn;1;0,003875969
chronous;1;0,003875969
rolling;1;0,003875969
stable;1;0,003875969
unstable;1;0,003875969
races;1;0,003875969
merging;1;0,003875969
rows;1;0,003875969
closed;1;0,003875969
covering;1;0,003875969
assigning;1;0,003875969
digitial;1;0,003875969
buffered;1;0,003875969
unbuffered;1;0,003875969
cmod;1;0,003875969
semi;1;0,003875969
conductor;1;0,003875969
bc;1;0,003875969
eaprom;1;0,003875969
addressable;1;0,003875969
cam;1;0,003875969
spld;1;0,003875969
param;1;0,003875969
eters;1;0,003875969
subtype;1;0,003875969
exit;1;0,003875969
null;1;0,003875969
architeture;1;0,003875969
subprograms;1;0,003875969
udp;1;0,003875969
task;1;0,003875969
timescale;1;0,003875969
declarations;1;0,003875969
configuratio;1;0,003875969
various;1;0,003875969
question;1;0,003875969
papers;1;0,003875969
