design;63;1
combinational;37;0,5873016
memory;24;0,3809524
flip_flop;18;0,2857143
boolean;16;0,25396827
binary;15;0,23809524
vhdl;13;0,20634921
logic;12;0,1904762
integrated_circuit;12;0,1904762
fsm;12;0,1904762
digital_circuit;12;0,1904762
simulations;12;0,1904762
complement;11;0,17460318
adder;11;0,17460318
arithmetic;10;0,15873016
decoder;10;0,15873016
state_machine;10;0,15873016
algebra;9;0,14285715
logic_gate;9;0,14285715
rom;9;0,14285715
synchronous;9;0,14285715
code;8;0,12698413
multiplexer;8;0,12698413
counter;8;0,12698413
microcontroller;8;0,12698413
encoder;7;0,11111111
programmable_logic_device;7;0,11111111
fpga;7;0,11111111
components;7;0,11111111
bcd;6;0,0952381
octal;6;0,0952381
hexadecimal;6;0,0952381
integers;6;0,0952381
logic_function;6;0,0952381
ttl;6;0,0952381
simplification;6;0,0952381
hardware_description_language;6;0,0952381
asynchronous;6;0,0952381
hardware;6;0,0952381
cmos;6;0,0952381
abel;6;0,0952381
msl;6;0,0952381
digital_system;5;0,07936508
numbering;5;0,07936508
decimal;5;0,07936508
combinationals;5;0,07936508
demultiplexer;5;0,07936508
comparator;5;0,07936508
plds;5;0,07936508
programming;5;0,07936508
microprocessor;5;0,07936508
schematic;5;0,07936508
unsigned;5;0,07936508
case;5;0,07936508
representation;4;0,06349207
magnitude;4;0,06349207
truth;4;0,06349207
table;4;0,06349207
tri_state;4;0,06349207
subtractor;4;0,06349207
mealy;4;0,06349207
moore;4;0,06349207
shift_registers;4;0,06349207
processor;4;0,06349207
synthesis;4;0,06349207
control;4;0,06349207
signed;4;0,06349207
code_converter;4;0,06349207
circuitynthesis;4;0,06349207
analog;4;0,06349207
field;4;0,06349207
family;4;0,06349207
fractional;4;0,06349207
elementary;4;0,06349207
gate;4;0,06349207
msf;4;0,06349207
processing;4;0,06349207
harvard;4;0,06349207
numeric_system;3;0,04761905
numeric_conversion;3;0,04761905
sign;3;0,04761905
floating;3;0,04761905
point;3;0,04761905
error_detection;3;0,04761905
correction;3;0,04761905
logic_operation;3;0,04761905
simplified;3;0,04761905
characteristic;3;0,04761905
alu;3;0,04761905
classification;3;0,04761905
registers;3;0,04761905
simulation;3;0,04761905
computer;3;0,04761905
state;3;0,04761905
parity;3;0,04761905
transmission;3;0,04761905
specific;3;0,04761905
use;3;0,04761905
subject;3;0,04761905
address;3;0,04761905
different;3;0,04761905
variables;3;0,04761905
voltage;3;0,04761905
hsp;3;0,04761905
hsa;3;0,04761905
ths;3;0,04761905
guidelines;3;0,04761905
cplds;3;0,04761905
storage;3;0,04761905
execution;3;0,04761905
serial;3;0,04761905
block;3;0,04761905
statement;3;0,04761905
simple;3;0,04761905
ram;3;0,04761905
gray;2;0,031746034
fixed;2;0,031746034
subtraction;2;0,031746034
hamming_code;2;0,031746034
property;2;0,031746034
sum;2;0,031746034
product;2;0,031746034
canonical;2;0,031746034
fan;2;0,031746034
propagation;2;0,031746034
map;2;0,031746034
complex;2;0,031746034
programmable;2;0,031746034
operators;2;0,031746034
structural;2;0,031746034
principles;2;0,031746034
records;2;0,031746034
random;2;0,031746034
projects;2;0,031746034
cpld;2;0,031746034
generic;2;0,031746034
constants;2;0,031746034
concurrent;2;0,031746034
conditional;2;0,031746034
selection;2;0,031746034
assignment;2;0,031746034
component;2;0,031746034
place;2;0,031746034
context;2;0,031746034
logic_family;2;0,031746034
handle;2;0,031746034
manipulation;2;0,031746034
real;2;0,031746034
structures;2;0,031746034
positional;2;0,031746034
conversion;2;0,031746034
encoding;2;0,031746034
gray_code;2;0,031746034
shift;2;0,031746034
well;2;0,031746034
logic_operators;2;0,031746034
logic_propositions;2;0,031746034
direct;2;0,031746034
standards;2;0,031746034
documentation;2;0,031746034
time;2;0,031746034
exclusive;2;0,031746034
subtractors;2;0,031746034
alus;2;0,031746034
multipliers;2;0,031746034
communication;2;0,031746034
beehives;2;0,031746034
temporal;2;0,031746034
features;2;0,031746034
layout;2;0,031746034
following;2;0,031746034
capabilities;2;0,031746034
global;2;0,031746034
available;2;0,031746034
end;2;0,031746034
analyzing;2;0,031746034
potential;2;0,031746034
decoding;2;0,031746034
logic_circuit;2;0,031746034
activity;2;0,031746034
way;2;0,031746034
form;2;0,031746034
capacity;2;0,031746034
linking;2;0,031746034
pic;2;0,031746034
hc;2;0,031746034
dsp;2;0,031746034
tms;2;0,031746034
microprogramming;2;0,031746034
abstraction;1;0,015873017
ascii;1;0,015873017
ebcdic;1;0,015873017
base;1;0,015873017
weighted;1;0,015873017
numerical;1;0,015873017
addition;1;0,015873017
multiplication;1;0,015873017
division;1;0,015873017
overflow;1;0,015873017
carry;1;0,015873017
axioms;1;0,015873017
theorems;1;0,015873017
xor;1;0,015873017
realization;1;0,015873017
power;1;0,015873017
dissipation;1;0,015873017
voltages;1;0,015873017
currents;1;0,015873017
delays;1;0,015873017
times;1;0,015873017
integration;1;0,015873017
etc.;1;0,015873017
totem;1;0,015873017
pole;1;0,015873017
open;1;0,015873017
collector;1;0,015873017
buffer;1;0,015873017
mos;1;0,015873017
karnaugth;1;0,015873017
nand;1;0,015873017
half;1;0,015873017
integrated;1;0,015873017
semisubtractor;1;0,015873017
complete;1;0,015873017
preset;1;0,015873017
clear;1;0,015873017
master;1;0,015873017
slave;1;0,015873017
automata;1;0,015873017
pwm;1;0,015873017
micro;1;0,015873017
cepld;1;0,015873017
psoc;1;0,015873017
chip;1;0,015873017
elements;1;0,015873017
identifiers;1;0,015873017
statements;1;0,015873017
products;1;0,015873017
sums;1;0,015873017
karnaugh_map;1;0,015873017
quine;1;0,015873017
mccluskeyn;1;0,015873017
algorithm;1;0,015873017
lines;1;0,015873017
segments;1;0,015873017
generator;1;0,015873017
multiplier;1;0,015873017
today;1;0,015873017
computational;1;0,015873017
used;1;0,015873017
electronic;1;0,015873017
eda;1;0,015873017
pals;1;0,015873017
locks;1;0,015873017
sequential_gated;1;0,015873017
latches;1;0,015873017
switch;1;0,015873017
built;1;0,015873017
inverter;1;0,015873017
ring;1;0,015873017
watches;1;0,015873017
detector;1;0,015873017
various;1;0,015873017
general;1;0,015873017
read-only;1;0,015873017
configuration;1;0,015873017
ports;1;0,015873017
instructions;1;0,015873017
assembler;1;0,015873017
provide;1;0,015873017
design,;1;0,015873017
simulate;1;0,015873017
diagrams,;1;0,015873017
equations,;1;0,015873017
hardware_description_languages;1;0,015873017
differences;1;0,015873017
solutions;1;0,015873017
relevant;1;0,015873017
multiplexer,;1;0,015873017
decoder,;1;0,015873017
ROM;1;0,015873017
behavior;1;0,015873017
algebraic;1;0,015873017
reduction;1;0,015873017
tabular;1;0,015873017
equation;1;0,015873017
state_table;1;0,015873017
performance;1;0,015873017
terms;1;0,015873017
delay;1;0,015873017
switching;1;0,015873017
speed;1;0,015873017
results;1;0,015873017
writing;1;0,015873017
formal;1;0,015873017
bases;1;0,015873017
quantity;1;0,015873017
digits;1;0,015873017
waveform;1;0,015873017
laws;1;0,015873017
demorgan;1;0,015873017
theorem;1;0,015873017
minterms;1;0,015873017
maxterms;1;0,015873017
karnaug;1;0,015873017
miscellaneous;1;0,015873017
discreet;1;0,015873017
segment;1;0,015873017
display;1;0,015873017
discrete;1;0,015873017
spld;1;0,015873017
gal;1;0,015873017
pla;1;0,015873017
pal;1;0,015873017
bottom;1;0,015873017
top;1;0,015873017
behavioral;1;0,015873017
ise;1;0,015873017
modelsim;1;0,015873017
delayed;1;0,015873017
user;1;0,015873017
restrictions;1;0,015873017
routing;1;0,015873017
verification;1;0,015873017
testing;1;0,015873017
entity;1;0,015873017
structure;1;0,015873017
program;1;0,015873017
special;1;0,015873017
symbols;1;0,015873017
reserved;1;0,015873017
element;1;0,015873017
declarations;1;0,015873017
flow;1;0,015873017
algorithmic;1;0,015873017
series;1;0,015873017
select;1;0,015873017
practical;1;0,015873017
loop;1;0,015873017
procedure;1;0,015873017
reference;1;0,015873017
clock;1;0,015873017
finite;1;0,015873017
read;1;0,015873017
stepper;1;0,015873017
motor;1;0,015873017
